id_record,marca,modelo,anio,precio,kilometraje,ciudad,transmision,cilindraje,combustible,traccion,direccion,tapizado,tipo_pago,descripcion,fecha_ingreso,url,json
1550320,Toyota,4Runner SR5,2015,48500.0,190000,Quito,Automática,4000,Gasolina,4 x 4,Asistida,Cuero,Negociable,Todoterreno,2025-11-30 21:57:17,https://ecuador.patiotuerca.com/vehicle/autos-toyota-4runner_sr5-quito-2015/1550320,"{""id"": ""1550320"", ""summary"": {""Año"": ""2015"", ""Ciudad"": ""Quito"", ""Recorrido"": ""190000 Kms"", ""Tipo de pago"": ""Negociable"", ""Precio Contado"": ""$48.500""}, ""ficha_tecnica"": {""Publicación"": ""#1550320"", ""Marca"": ""Toyota"", ""Modelo"": ""4Runner SR5"", ""Subtipo"": ""Todoterreno"", ""Recorrido"": ""190000 Kms"", ""Sistema de climatización"": ""Aire Acondicionado"", ""Tracción"": ""4 x 4"", ""Color"": ""Rojo"", ""Último número de la placa"": ""8"", ""Vidrios"": ""Eléctricos"", ""Transmisión"": ""Automática"", ""Dirección"": ""Asistida"", ""Motor(cilindraje)"": ""4000"", ""Tipo de Motor"": ""gasolina"", ""Tapizado"": ""Cuero"", ""Combustible"": ""Gasolina"", ""Placa"": ""Pichincha""}, ""url"": ""https://ecuador.patiotuerca.com/vehicle/autos-toyota-4runner_sr5-quito-2015/1550320""}"
1769391,Hyundai,Sonata Hybrid,2015,11750.0,80000,Guayaquil,Automática,2400,Híbrido,4 x 2,Hidráulica,Cuero,Negociable,Sedán,2025-11-30 21:57:17,https://ecuador.patiotuerca.com/vehicle/autos-hyundai-sonata_hybrid-guayaquil-2015/1769391,"{""id"": ""1769391"", ""summary"": {""Año"": ""2015"", ""Ciudad"": ""Guayaquil"", ""Recorrido"": ""80000 Kms"", ""Tipo de pago"": ""Negociable"", ""Precio Contado"": ""$11.750""}, ""ficha_tecnica"": {""Publicación"": ""#1769391"", ""Marca"": ""Hyundai"", ""Modelo"": ""Sonata Hybrid"", ""Subtipo"": ""Sedán"", ""Recorrido"": ""80000 Kms"", ""Sistema de climatización"": ""Aire Acondicionado"", ""Tracción"": ""4 x 2"", ""Color"": ""Gris"", ""Vidrios"": ""Eléctricos"", ""Transmisión"": ""Automática"", ""Dirección"": ""Hidráulica"", ""Motor(cilindraje)"": ""2400"", ""Tapizado"": ""Cuero"", ""Combustible"": ""Híbrido"", ""Placa"": ""Guayas""}, ""url"": ""https://ecuador.patiotuerca.com/vehicle/autos-hyundai-sonata_hybrid-guayaquil-2015/1769391""}"
1807821,Nissan,Sentra,2015,13699.0,84511,Cuenca,Automática,,Gasolina,,,,Negociable,Sedán,2025-11-30 21:57:17,https://ecuador.patiotuerca.com/vehicle/autos-nissan-sentra-cuenca-2015/1807821,"{""id"": ""1807821"", ""summary"": {""Año"": ""2015"", ""Ciudad"": ""Cuenca"", ""Recorrido"": ""84511 Kms"", ""Tipo de pago"": ""Negociable"", ""Precio Contado"": ""$13.699""}, ""ficha_tecnica"": {""Publicación"": ""#1807821"", ""Marca"": ""Nissan"", ""Modelo"": ""Sentra"", ""Subtipo"": ""Sedán"", ""Recorrido"": ""84511 Kms"", ""Vidrios"": ""Eléctricos"", ""Transmisión"": ""Automática"", ""Combustible"": ""Gasolina""}, ""url"": ""https://ecuador.patiotuerca.com/vehicle/autos-nissan-sentra-cuenca-2015/1807821""}"
1820011,Chevrolet,Sail,2015,9500.0,130000,Guayaquil,Manual,,Gasolina,,,,Negociable,Sedán,2025-11-11 22:02:24,https://ecuador.patiotuerca.com/vehicle/autos-chevrolet-sail-guayaquil-2015/1820011,"{""id"": ""1820011"", ""summary"": {""Año"": ""2015"", ""Ciudad"": ""Guayaquil"", ""Recorrido"": ""130000 Kms"", ""Tipo de pago"": ""Negociable"", ""Precio Contado"": ""$9.500""}, ""ficha_tecnica"": {""Publicación"": ""#1820011"", ""Marca"": ""Chevrolet"", ""Modelo"": ""Sail"", ""Subtipo"": ""Sedán"", ""Recorrido"": ""130000 Kms"", ""Vidrios"": ""Eléctricos delanteros"", ""Transmisión"": ""Manual"", ""Combustible"": ""Gasolina""}, ""url"": ""https://ecuador.patiotuerca.com/vehicle/autos-chevrolet-sail-guayaquil-2015/1820011""}"
1838649,Ford,Ecosport Titanium,2015,12500.0,135200,Guayaquil,,,,,,,Negociable,Todoterreno,2025-11-30 21:57:17,https://ecuador.patiotuerca.com/vehicle/autos-ford-ecosport_titanium-guayaquil-2015/1838649,"{""id"": ""1838649"", ""summary"": {""Año"": ""2015"", ""Ciudad"": ""Guayaquil"", ""Recorrido"": ""135200 Kms"", ""Tipo de pago"": ""Negociable"", ""Precio Contado"": ""$12.500""}, ""ficha_tecnica"": {""Publicación"": ""#1838649"", ""Marca"": ""Ford"", ""Modelo"": ""Ecosport Titanium"", ""Subtipo"": ""Todoterreno"", ""Recorrido"": ""135200 Kms"", ""Motor(cilindraje)"": """"}, ""url"": ""https://ecuador.patiotuerca.com/vehicle/autos-ford-ecosport_titanium-guayaquil-2015/1838649""}"
1846858,Kia,Optima,2015,14559.0,120000,Ibarra,Automática,,Híbrido,,,,Negociable,Sedán,2025-11-11 22:02:24,https://ecuador.patiotuerca.com/vehicle/autos-kia-optima-ibarra-2015/1846858,"{""id"": ""1846858"", ""summary"": {""Año"": ""2015"", ""Ciudad"": ""Ibarra"", ""Recorrido"": ""120000 Kms"", ""Tipo de pago"": ""Negociable"", ""Precio Contado"": ""$14.559""}, ""ficha_tecnica"": {""Publicación"": ""#1846858"", ""Marca"": ""Kia"", ""Modelo"": ""Optima"", ""Subtipo"": ""Sedán"", ""Recorrido"": ""120000 Kms"", ""Vidrios"": ""Eléctricos"", ""Transmisión"": ""Automática"", ""Combustible"": ""Híbrido""}, ""url"": ""https://ecuador.patiotuerca.com/vehicle/autos-kia-optima-ibarra-2015/1846858""}"
1921335,Mercedes Benz,GLK 300,2015,38900.0,149118,Quito,Automática,3.5,Gasolina,4 x 4,Hidráulica,Cuero,Negociable,Todoterreno,2025-11-30 21:57:17,https://ecuador.patiotuerca.com/vehicle/autos-mercedes_benz-glk_300-quito-2015/1921335,"{""id"": ""1921335"", ""summary"": {""Año"": ""2015"", ""Ciudad"": ""Quito"", ""Recorrido"": ""149118 Kms"", ""Tipo de pago"": ""Negociable"", ""Precio Contado"": ""$38.900""}, ""ficha_tecnica"": {""Publicación"": ""#1921335"", ""Marca"": ""Mercedes Benz"", ""Modelo"": ""GLK 300"", ""Subtipo"": ""Todoterreno"", ""Recorrido"": ""149118 Kms"", ""Sistema de climatización"": ""Climatizador Bi-Zona"", ""Tracción"": ""4 x 4"", ""Color"": ""Negro"", ""Último número de la placa"": ""0"", ""Vidrios"": ""Eléctricos"", ""Transmisión"": ""Automática"", ""Dirección"": ""Hidráulica"", ""Motor(cilindraje)"": ""3.5"", ""Tipo de Motor"": ""V6 302 HP"", ""Tapizado"": ""Cuero"", ""Combustible"": ""Gasolina"", ""Placa"": ""Pichincha""}, ""url"": ""https://ecuador.patiotuerca.com/vehicle/autos-mercedes_benz-glk_300-quito-2015/1921335""}"
1922899,Mercedes Benz,GLA 250 4 MATIC,2015,29899.0,68000,Quito,,2000,,,,,Negociable,SUV,2025-11-30 21:57:17,https://ecuador.patiotuerca.com/vehicle/autos-mercedes_benz-gla_250_4_matic-quito-2015/1922899,"{""id"": ""1922899"", ""summary"": {""Año"": ""2015"", ""Ciudad"": ""Quito"", ""Recorrido"": ""68000 Kms"", ""Tipo de pago"": ""Negociable"", ""Precio Contado"": ""$29.899""}, ""ficha_tecnica"": {""Publicación"": ""#1922899"", ""Marca"": ""Mercedes Benz"", ""Modelo"": ""GLA 250 4 MATIC"", ""Subtipo"": ""SUV"", ""Recorrido"": ""68000 Kms"", ""Color"": ""Plomo"", ""Motor(cilindraje)"": ""2000"", ""Tipo de Motor"": """"}, ""url"": ""https://ecuador.patiotuerca.com/vehicle/autos-mercedes_benz-gla_250_4_matic-quito-2015/1922899""}"
1922901,Toyota,4Runner SR5,2015,48700.0,172000,Quito,Automática,0,Gasolina,4 x 4,Mecánica,Cuero,Negociable,Todoterreno,2025-11-30 21:57:17,https://ecuador.patiotuerca.com/vehicle/autos-toyota-4runner_sr5-quito-2015/1922901,"{""id"": ""1922901"", ""summary"": {""Año"": ""2015"", ""Ciudad"": ""Quito"", ""Recorrido"": ""172000 Kms"", ""Tipo de pago"": ""Negociable"", ""Precio Contado"": ""$48.700""}, ""ficha_tecnica"": {""Publicación"": ""#1922901"", ""Marca"": ""Toyota"", ""Modelo"": ""4Runner SR5"", ""Subtipo"": ""Todoterreno"", ""Recorrido"": ""172000 Kms"", ""Sistema de climatización"": ""Aire Acondicionado"", ""Tracción"": ""4 x 4"", ""Color"": ""Vino"", ""Último número de la placa"": ""9"", ""Vidrios"": ""Eléctricos"", ""Transmisión"": ""Automática"", ""Dirección"": ""Mecánica"", ""Motor(cilindraje)"": ""4.000"", ""Tipo de Motor"": ""V6 4.0L"", ""Tapizado"": ""Cuero"", ""Combustible"": ""Gasolina"", ""Placa"": ""Pichincha""}, ""url"": ""https://ecuador.patiotuerca.com/vehicle/autos-toyota-4runner_sr5-quito-2015/1922901""}"
1924370,Great Wall,H5 Elite,2015,10900.0,202000,Loja,Manual,2500,Gasolina,4 x 2,Hidráulica,Cuero,Negociable,Todoterreno,2025-11-11 22:02:24,https://ecuador.patiotuerca.com/vehicle/autos-great_wall-h5_elite-loja-2015/1924370,"{""id"": ""1924370"", ""summary"": {""Año"": ""2015"", ""Ciudad"": ""Loja"", ""Recorrido"": ""202000 Kms"", ""Tipo de pago"": ""Negociable"", ""Precio Contado"": ""$10.900""}, ""ficha_tecnica"": {""Publicación"": ""#1924370"", ""Marca"": ""Great Wall"", ""Modelo"": ""H5 Elite"", ""Subtipo"": ""Todoterreno"", ""Recorrido"": ""202000 Kms"", ""Sistema de climatización"": ""Aire Acondicionado"", ""Tracción"": ""4 x 2"", ""Color"": ""Azul"", ""Último número de la placa"": ""6"", ""Vidrios"": ""Eléctricos"", ""Transmisión"": ""Manual"", ""Dirección"": ""Hidráulica"", ""Motor(cilindraje)"": ""2500"", ""Tapizado"": ""Cuero"", ""Combustible"": ""Gasolina"", ""Placa"": ""Loja""}, ""url"": ""https://ecuador.patiotuerca.com/vehicle/autos-great_wall-h5_elite-loja-2015/1924370""}"
1924884,Hyundai,Tucson IX,2015,17900.0,138000,Ibarra,Manual,,Gasolina,4 x 2,Hidráulica,Tela,Negociable,Todoterreno,2025-11-11 22:02:24,https://ecuador.patiotuerca.com/vehicle/autos-hyundai-tucson_ix-ibarra-2015/1924884,"{""id"": ""1924884"", ""summary"": {""Año"": ""2015"", ""Ciudad"": ""Ibarra"", ""Recorrido"": ""138000 Kms"", ""Tipo de pago"": ""Negociable"", ""Precio Contado"": ""$17.900""}, ""ficha_tecnica"": {""Publicación"": ""#1924884"", ""Marca"": ""Hyundai"", ""Modelo"": ""Tucson IX"", ""Subtipo"": ""Todoterreno"", ""Recorrido"": ""138000 Kms"", ""Sistema de climatización"": ""Aire Acondicionado"", ""Tracción"": ""4 x 2"", ""Vidrios"": ""Eléctricos"", ""Transmisión"": ""Manual"", ""Dirección"": ""Hidráulica"", ""Motor(cilindraje)"": """", ""Tipo de Motor"": """", ""Tapizado"": ""Tela"", ""Combustible"": ""Gasolina""}, ""url"": ""https://ecuador.patiotuerca.com/vehicle/autos-hyundai-tucson_ix-ibarra-2015/1924884""}"
1927094,Audi,Q5 quattro,2015,21900.0,105000,Quito,Automática,0,Gasolina,AWD,Electrónica,Cuero,Negociable,Todoterreno,2025-11-11 22:02:24,https://ecuador.patiotuerca.com/vehicle/autos-audi-q5_quattro-quito-2015/1927094,"{""id"": ""1927094"", ""summary"": {""Año"": ""2015"", ""Ciudad"": ""Quito"", ""Recorrido"": ""105000 Kms"", ""Tipo de pago"": ""Negociable"", ""Precio Contado"": ""$21.900""}, ""ficha_tecnica"": {""Publicación"": ""#1927094"", ""Marca"": ""Audi"", ""Modelo"": ""Q5 quattro"", ""Subtipo"": ""Todoterreno"", ""Recorrido"": ""105000 Kms"", ""Sistema de climatización"": ""Climatizador"", ""Tracción"": ""AWD"", ""Color"": ""Plata"", ""Último número de la placa"": ""9"", ""Vidrios"": ""Eléctricos"", ""Transmisión"": ""Automática"", ""Dirección"": ""Electrónica"", ""Motor(cilindraje)"": ""2.000"", ""Tipo de Motor"": ""2.0L TURBO"", ""Tapizado"": ""Cuero"", ""Combustible"": ""Gasolina"", ""Placa"": ""Pichincha""}, ""url"": ""https://ecuador.patiotuerca.com/vehicle/autos-audi-q5_quattro-quito-2015/1927094""}"
1927215,Toyota,4Runner,2015,79900.0,67000,Quito,Automática,4500,Gasolina,4 x 4,Asistida,Cuero,Negociable,Todoterreno,2025-11-11 22:02:24,https://ecuador.patiotuerca.com/vehicle/autos-toyota-4runner-quito-2015/1927215,"{""id"": ""1927215"", ""summary"": {""Año"": ""2015"", ""Ciudad"": ""Quito"", ""Recorrido"": ""67000 Kms"", ""Tipo de pago"": ""Negociable"", ""Precio Contado"": ""$79.900""}, ""ficha_tecnica"": {""Publicación"": ""#1927215"", ""Marca"": ""Toyota"", ""Modelo"": ""4Runner"", ""Subtipo"": ""Todoterreno"", ""Recorrido"": ""67000 Kms"", ""Sistema de climatización"": ""Aire Acondicionado"", ""Tracción"": ""4 x 4"", ""Color"": ""Blanco"", ""Vidrios"": ""Eléctricos"", ""Transmisión"": ""Automática"", ""Dirección"": ""Asistida"", ""Motor(cilindraje)"": ""4500"", ""Tapizado"": ""Cuero"", ""Combustible"": ""Gasolina"", ""Placa"": ""Azuay""}, ""url"": ""https://ecuador.patiotuerca.com/vehicle/autos-toyota-4runner-quito-2015/1927215""}"
1927247,Hyundai,Sonata Hybrid,2015,13800.0,91200,Cuenca,Automática,2400,Híbrido,4 x 2,Hidráulica,Cuero,Negociable,Sedán,2025-11-11 22:02:24,https://ecuador.patiotuerca.com/vehicle/autos-hyundai-sonata_hybrid-cuenca-2015/1927247,"{""id"": ""1927247"", ""summary"": {""Año"": ""2015"", ""Ciudad"": ""Cuenca"", ""Recorrido"": ""91200 Kms"", ""Tipo de pago"": ""Negociable"", ""Precio Contado"": ""$13.800""}, ""ficha_tecnica"": {""Publicación"": ""#1927247"", ""Marca"": ""Hyundai"", ""Modelo"": ""Sonata Hybrid"", ""Subtipo"": ""Sedán"", ""Recorrido"": ""91200 Kms"", ""Sistema de climatización"": ""Aire Acondicionado"", ""Tracción"": ""4 x 2"", ""Color"": ""Celeste"", ""Último número de la placa"": ""9"", ""Vidrios"": ""Eléctricos"", ""Transmisión"": ""Automática"", ""Dirección"": ""Hidráulica"", ""Motor(cilindraje)"": ""2400"", ""Tipo de Motor"": ""híbrido"", ""Tapizado"": ""Cuero"", ""Combustible"": ""Híbrido"", ""Placa"": ""Loja""}, ""url"": ""https://ecuador.patiotuerca.com/vehicle/autos-hyundai-sonata_hybrid-cuenca-2015/1927247""}"
1927862,Volkswagen,Amarok,2015,25900.0,168000,Quito,Manual,,Diesel,4 x 4,Hidráulica,Tela,Negociable,Camioneta Doble Cabina,2025-11-11 22:02:24,https://ecuador.patiotuerca.com/vehicle/autos-volkswagen-amarok-quito-2015/1927862,"{""id"": ""1927862"", ""summary"": {""Año"": ""2015"", ""Ciudad"": ""Quito"", ""Recorrido"": ""168000 Kms"", ""Tipo de pago"": ""Negociable"", ""Precio Contado"": ""$25.900""}, ""ficha_tecnica"": {""Publicación"": ""#1927862"", ""Marca"": ""Volkswagen"", ""Modelo"": ""Amarok"", ""Subtipo"": ""Camioneta Doble Cabina"", ""Recorrido"": ""168000 Kms"", ""Sistema de climatización"": ""Aire Acondicionado"", ""Tracción"": ""4 x 4"", ""Color"": ""Plata"", ""Último número de la placa"": ""8"", ""Vidrios"": ""Eléctricos"", ""Transmisión"": ""Manual"", ""Dirección"": ""Hidráulica"", ""Motor(cilindraje)"": """", ""Tipo de Motor"": """", ""Tapizado"": ""Tela"", ""Combustible"": ""Diesel"", ""Placa"": ""Pichincha""}, ""url"": ""https://ecuador.patiotuerca.com/vehicle/autos-volkswagen-amarok-quito-2015/1927862""}"
1928242,Kia,Sportage Active,2015,13000.0,185000,Guayaquil,Automática,,Gasolina,4 x 2,Hidráulica,Otro,Negociable,Todoterreno,2025-11-11 22:02:24,https://ecuador.patiotuerca.com/vehicle/autos-kia-sportage_active-guayaquil-2015/1928242,"{""id"": ""1928242"", ""summary"": {""Año"": ""2015"", ""Ciudad"": ""Guayaquil"", ""Recorrido"": ""185000 Kms"", ""Tipo de pago"": ""Negociable"", ""Precio Contado"": ""$13.000""}, ""ficha_tecnica"": {""Publicación"": ""#1928242"", ""Marca"": ""Kia"", ""Modelo"": ""Sportage Active"", ""Subtipo"": ""Todoterreno"", ""Recorrido"": ""185000 Kms"", ""Sistema de climatización"": ""Aire Acondicionado"", ""Tracción"": ""4 x 2"", ""Color"": ""Plomo"", ""Último número de la placa"": ""7"", ""Vidrios"": ""Eléctricos"", ""Transmisión"": ""Automática"", ""Dirección"": ""Hidráulica"", ""Motor(cilindraje)"": ""6"", ""Tapizado"": ""Otro"", ""Combustible"": ""Gasolina"", ""Placa"": ""Guayas""}, ""url"": ""https://ecuador.patiotuerca.com/vehicle/autos-kia-sportage_active-guayaquil-2015/1928242""}"
1928732,Ford,Ecosport Titanium,2015,12800.0,124000,Cuenca,Automática,2000,Gasolina,4 x 2,Asistida,Tela,Fijo,Todoterreno,2025-11-30 21:57:17,https://ecuador.patiotuerca.com/vehicle/autos-ford-ecosport_titanium-cuenca-2015/1928732,"{""id"": ""1928732"", ""summary"": {""Año"": ""2015"", ""Ciudad"": ""Cuenca"", ""Recorrido"": ""124000 Kms"", ""Tipo de pago"": ""Fijo"", ""Precio Contado"": ""$12.800""}, ""ficha_tecnica"": {""Publicación"": ""#1928732"", ""Marca"": ""Ford"", ""Modelo"": ""Ecosport Titanium"", ""Subtipo"": ""Todoterreno"", ""Recorrido"": ""124000 Kms"", ""Sistema de climatización"": ""Climatizador"", ""Tracción"": ""4 x 2"", ""Color"": ""Negro"", ""Último número de la placa"": ""5"", ""Vidrios"": ""Eléctricos"", ""Transmisión"": ""Automática"", ""Dirección"": ""Asistida"", ""Motor(cilindraje)"": ""2000"", ""Tapizado"": ""Tela"", ""Combustible"": ""Gasolina"", ""Placa"": ""Pichincha""}, ""url"": ""https://ecuador.patiotuerca.com/vehicle/autos-ford-ecosport_titanium-cuenca-2015/1928732""}"
1928759,Suzuki,Grand Vitara SZ,2015,13900.0,162000,Quito,Automática,2.4,Gasolina,4 x 2,Hidráulica,Cuero,Negociable,Hatchback (5 Puertas),2025-11-30 21:57:17,https://ecuador.patiotuerca.com/vehicle/autos-suzuki-grand_vitara_sz-quito-2015/1928759,"{""id"": ""1928759"", ""summary"": {""Año"": ""2015"", ""Ciudad"": ""Quito"", ""Recorrido"": ""162000 Kms"", ""Tipo de pago"": ""Negociable"", ""Precio Contado"": ""$13.900""}, ""ficha_tecnica"": {""Publicación"": ""#1928759"", ""Marca"": ""Suzuki"", ""Modelo"": ""Grand Vitara SZ"", ""Subtipo"": ""Hatchback (5 Puertas)"", ""Recorrido"": ""162000 Kms"", ""Sistema de climatización"": ""Aire Acondicionado"", ""Tracción"": ""4 x 2"", ""Último número de la placa"": ""5"", ""Vidrios"": ""Eléctricos"", ""Transmisión"": ""Automática"", ""Dirección"": ""Hidráulica"", ""Motor(cilindraje)"": ""2.4"", ""Tipo de Motor"": """", ""Tapizado"": ""Cuero"", ""Combustible"": ""Gasolina"", ""Placa"": ""Pichincha""}, ""url"": ""https://ecuador.patiotuerca.com/vehicle/autos-suzuki-grand_vitara_sz-quito-2015/1928759""}"
1929203,Ford,Escape,2015,14400.0,137000,Guayaquil,Automática,2500,Gasolina,4 x 2,N/A,Cuero,Negociable,SUV,2025-11-30 21:57:17,https://ecuador.patiotuerca.com/vehicle/autos-ford-escape-guayaquil-2015/1929203,"{""id"": ""1929203"", ""summary"": {""Año"": ""2015"", ""Ciudad"": ""Guayaquil"", ""Recorrido"": ""137000 Kms"", ""Tipo de pago"": ""Negociable"", ""Precio Contado"": ""$14.400""}, ""ficha_tecnica"": {""Publicación"": ""#1929203"", ""Marca"": ""Ford"", ""Modelo"": ""Escape"", ""Subtipo"": ""SUV"", ""Recorrido"": ""137000 Kms"", ""Sistema de climatización"": ""Aire Acondicionado"", ""Tracción"": ""4 x 2"", ""Color"": ""Azul"", ""Último número de la placa"": ""9"", ""Vidrios"": ""Eléctricos"", ""Transmisión"": ""Automática"", ""Dirección"": ""N/A"", ""Motor(cilindraje)"": ""2500"", ""Tipo de Motor"": """", ""Tapizado"": ""Cuero"", ""Combustible"": ""Gasolina"", ""Placa"": ""Guayas""}, ""url"": ""https://ecuador.patiotuerca.com/vehicle/autos-ford-escape-guayaquil-2015/1929203""}"
1929356,Nissan,Juke,2015,16700.0,120000,Quito,Manual,1200,Gasolina,4 x 2,Hidráulica,Cuero,Fijo,SUV,2025-11-11 22:02:24,https://ecuador.patiotuerca.com/vehicle/autos-nissan-juke-quito-2015/1929356,"{""id"": ""1929356"", ""summary"": {""Año"": ""2015"", ""Ciudad"": ""Quito"", ""Recorrido"": ""120000 Kms"", ""Tipo de pago"": ""Fijo"", ""Precio Contado"": ""$16.700""}, ""ficha_tecnica"": {""Publicación"": ""#1929356"", ""Marca"": ""Nissan"", ""Modelo"": ""Juke"", ""Subtipo"": ""SUV"", ""Recorrido"": ""120000 Kms"", ""Sistema de climatización"": ""Aire Acondicionado"", ""Tracción"": ""4 x 2"", ""Color"": ""Plomo"", ""Último número de la placa"": ""2"", ""Vidrios"": ""Eléctricos"", ""Transmisión"": ""Manual"", ""Dirección"": ""Hidráulica"", ""Motor(cilindraje)"": ""1200"", ""Tipo de Motor"": """", ""Tapizado"": ""Cuero"", ""Combustible"": ""Gasolina"", ""Placa"": ""Pichincha""}, ""url"": ""https://ecuador.patiotuerca.com/vehicle/autos-nissan-juke-quito-2015/1929356""}"
1929663,Hyundai,Grand Santa Fe,2015,23800.0,218000,Quito,Automática,3500,Gasolina,AWD,Electrónica,Cuero,Negociable,Todoterreno,2025-11-30 21:57:17,https://ecuador.patiotuerca.com/vehicle/autos-hyundai-grand_santa_fe-quito-2015/1929663,"{""id"": ""1929663"", ""summary"": {""Año"": ""2015"", ""Ciudad"": ""Quito"", ""Recorrido"": ""218000 Kms"", ""Tipo de pago"": ""Negociable"", ""Precio Contado"": ""$23.800""}, ""ficha_tecnica"": {""Publicación"": ""#1929663"", ""Marca"": ""Hyundai"", ""Modelo"": ""Grand Santa Fe"", ""Subtipo"": ""Todoterreno"", ""Recorrido"": ""218000 Kms"", ""Sistema de climatización"": ""Climatizador Tri-Zona"", ""Tracción"": ""AWD"", ""Color"": ""Plata"", ""Último número de la placa"": ""8"", ""Vidrios"": ""Eléctricos"", ""Transmisión"": ""Automática"", ""Dirección"": ""Electrónica"", ""Motor(cilindraje)"": ""3500"", ""Tipo de Motor"": ""V6"", ""Tapizado"": ""Cuero"", ""Combustible"": ""Gasolina"", ""Placa"": ""Tungurahua""}, ""url"": ""https://ecuador.patiotuerca.com/vehicle/autos-hyundai-grand_santa_fe-quito-2015/1929663""}"
1929755,Ford,Ecosport Titanium,2015,13500.0,1120000,Cuenca,,2000,Gasolina,4 x 2,Asistida,Tela,Negociable,Todoterreno,2025-11-11 22:02:24,https://ecuador.patiotuerca.com/vehicle/autos-ford-ecosport_titanium-cuenca-2015/1929755,"{""id"": ""1929755"", ""summary"": {""Año"": ""2015"", ""Ciudad"": ""Cuenca"", ""Recorrido"": ""1120000 Kms"", ""Tipo de pago"": ""Negociable"", ""Precio Contado"": ""$13.500""}, ""ficha_tecnica"": {""Publicación"": ""#1929755"", ""Marca"": ""Ford"", ""Modelo"": ""Ecosport Titanium"", ""Subtipo"": ""Todoterreno"", ""Recorrido"": ""1120000 Kms"", ""Sistema de climatización"": ""Aire Acondicionado"", ""Tracción"": ""4 x 2"", ""Color"": ""Crema"", ""Último número de la placa"": ""5"", ""Vidrios"": ""Eléctricos"", ""Transmisión"": ""Secuencial"", ""Dirección"": ""Asistida"", ""Motor(cilindraje)"": ""2000"", ""Tapizado"": ""Tela"", ""Combustible"": ""Gasolina"", ""Placa"": ""Azuay""}, ""url"": ""https://ecuador.patiotuerca.com/vehicle/autos-ford-ecosport_titanium-cuenca-2015/1929755""}"
1929871,Chevrolet,Captiva,2015,11900.0,192000,Quito,,,,,,,Negociable,Todoterreno,2025-11-11 22:02:24,https://ecuador.patiotuerca.com/vehicle/autos-chevrolet-captiva-quito-2015/1929871,"{""id"": ""1929871"", ""summary"": {""Año"": ""2015"", ""Ciudad"": ""Quito"", ""Recorrido"": ""192000 Kms"", ""Tipo de pago"": ""Negociable"", ""Precio Contado"": ""$11.900""}, ""ficha_tecnica"": {""Publicación"": ""#1929871"", ""Marca"": ""Chevrolet"", ""Modelo"": ""Captiva"", ""Subtipo"": ""Todoterreno"", ""Recorrido"": ""192000 Kms"", ""Motor(cilindraje)"": """", ""Tipo de Motor"": """"}, ""url"": ""https://ecuador.patiotuerca.com/vehicle/autos-chevrolet-captiva-quito-2015/1929871""}"
1929896,Chevrolet,Grand Vitara 5p 4x2,2015,14900.0,120000,Ambato,Manual,2000,Gasolina,4 x 2,Hidráulica,Tela,Negociable,Hatchback (5 Puertas),2025-11-11 22:02:24,https://ecuador.patiotuerca.com/vehicle/autos-chevrolet-grand_vitara_5p_4x2-ambato-2015/1929896,"{""id"": ""1929896"", ""summary"": {""Año"": ""2015"", ""Ciudad"": ""Ambato"", ""Recorrido"": ""120000 Kms"", ""Tipo de pago"": ""Negociable"", ""Precio Contado"": ""$14.900""}, ""ficha_tecnica"": {""Publicación"": ""#1929896"", ""Marca"": ""Chevrolet"", ""Modelo"": ""Grand Vitara 5p 4x2"", ""Subtipo"": ""Hatchback (5 Puertas)"", ""Recorrido"": ""120000 Kms"", ""Sistema de climatización"": ""Calefacción"", ""Tracción"": ""4 x 2"", ""Color"": ""Plata"", ""Último número de la placa"": ""5"", ""Vidrios"": ""Eléctricos"", ""Transmisión"": ""Manual"", ""Dirección"": ""Hidráulica"", ""Motor(cilindraje)"": ""2000"", ""Tapizado"": ""Tela"", ""Combustible"": ""Gasolina"", ""Placa"": ""Pichincha""}, ""url"": ""https://ecuador.patiotuerca.com/vehicle/autos-chevrolet-grand_vitara_5p_4x2-ambato-2015/1929896""}"
1929941,Honda,Pilot,2015,23500.0,142500,Quito,Automática,3500,Gasolina,4 x 2,Hidráulica,Cuero,Negociable,Todoterreno,2025-11-11 22:02:24,https://ecuador.patiotuerca.com/vehicle/autos-honda-pilot-quito-2015/1929941,"{""id"": ""1929941"", ""summary"": {""Año"": ""2015"", ""Ciudad"": ""Quito"", ""Recorrido"": ""142500 Kms"", ""Tipo de pago"": ""Negociable"", ""Precio Contado"": ""$23.500""}, ""ficha_tecnica"": {""Publicación"": ""#1929941"", ""Marca"": ""Honda"", ""Modelo"": ""Pilot"", ""Subtipo"": ""Todoterreno"", ""Recorrido"": ""142500 Kms"", ""Sistema de climatización"": ""Climatizador Tri-Zona"", ""Tracción"": ""4 x 2"", ""Color"": ""Plata"", ""Último número de la placa"": ""2"", ""Vidrios"": ""Eléctricos"", ""Transmisión"": ""Automática"", ""Dirección"": ""Hidráulica"", ""Motor(cilindraje)"": ""3500"", ""Tapizado"": ""Cuero"", ""Combustible"": ""Gasolina"", ""Placa"": ""Tungurahua""}, ""url"": ""https://ecuador.patiotuerca.com/vehicle/autos-honda-pilot-quito-2015/1929941""}"
1929978,Jeep,Wrangler Sport,2015,47800.0,61000,Quito,,3600,,,,,Negociable,Todoterreno,2025-11-11 22:02:24,https://ecuador.patiotuerca.com/vehicle/autos-jeep-wrangler_sport-quito-2015/1929978,"{""id"": ""1929978"", ""summary"": {""Año"": ""2015"", ""Ciudad"": ""Quito"", ""Recorrido"": ""61000 Kms"", ""Tipo de pago"": ""Negociable"", ""Precio Contado"": ""$47.800""}, ""ficha_tecnica"": {""Publicación"": ""#1929978"", ""Marca"": ""Jeep"", ""Modelo"": ""Wrangler Sport"", ""Subtipo"": ""Todoterreno"", ""Recorrido"": ""61000 Kms"", ""Color"": ""Azul"", ""Motor(cilindraje)"": ""3600"", ""Tipo de Motor"": ""V6 Hp: 285""}, ""url"": ""https://ecuador.patiotuerca.com/vehicle/autos-jeep-wrangler_sport-quito-2015/1929978""}"
1930180,Ford,Escape,2015,13900.0,190000,Quito,Automática,,Gasolina,4 x 2,,Cuero,Negociable,SUV,2025-11-30 21:57:17,https://ecuador.patiotuerca.com/vehicle/autos-ford-escape-quito-2015/1930180,"{""id"": ""1930180"", ""summary"": {""Año"": ""2015"", ""Ciudad"": ""Quito"", ""Recorrido"": ""190000 Kms"", ""Tipo de pago"": ""Negociable"", ""Precio Contado"": ""$13.900""}, ""ficha_tecnica"": {""Publicación"": ""#1930180"", ""Marca"": ""Ford"", ""Modelo"": ""Escape"", ""Subtipo"": ""SUV"", ""Recorrido"": ""190000 Kms"", ""Sistema de climatización"": ""Aire Acondicionado"", ""Tracción"": ""4 x 2"", ""Color"": ""Plata"", ""Último número de la placa"": ""4"", ""Vidrios"": ""Eléctricos"", ""Transmisión"": ""Automática"", ""Motor(cilindraje)"": """", ""Tipo de Motor"": """", ""Tapizado"": ""Cuero"", ""Combustible"": ""Gasolina"", ""Placa"": ""Pichincha""}, ""url"": ""https://ecuador.patiotuerca.com/vehicle/autos-ford-escape-quito-2015/1930180""}"
1930364,Nissan,X-Trail Sense,2015,16900.0,117000,Cuenca,Automática,2500,Gasolina,4 x 2,Hidráulica,Tela,Negociable,Todoterreno,2025-11-11 22:02:24,https://ecuador.patiotuerca.com/vehicle/autos-nissan-x-trail_sense-cuenca-2015/1930364,"{""id"": ""1930364"", ""summary"": {""Año"": ""2015"", ""Ciudad"": ""Cuenca"", ""Recorrido"": ""117000 Kms"", ""Tipo de pago"": ""Negociable"", ""Precio Contado"": ""$16.900""}, ""ficha_tecnica"": {""Publicación"": ""#1930364"", ""Marca"": ""Nissan"", ""Modelo"": ""X-Trail Sense"", ""Subtipo"": ""Todoterreno"", ""Recorrido"": ""117000 Kms"", ""Sistema de climatización"": ""Aire Acondicionado"", ""Tracción"": ""4 x 2"", ""Color"": ""Rojo"", ""Último número de la placa"": ""9"", ""Vidrios"": ""Eléctricos"", ""Transmisión"": ""Automática"", ""Dirección"": ""Hidráulica"", ""Motor(cilindraje)"": ""2500"", ""Tapizado"": ""Tela"", ""Combustible"": ""Gasolina"", ""Placa"": ""Azuay""}, ""url"": ""https://ecuador.patiotuerca.com/vehicle/autos-nissan-x-trail_sense-cuenca-2015/1930364""}"
1930564,Ford,Escape,2015,13900.0,190000,Quito,,,,,,,Negociable,Todoterreno,2025-11-11 22:02:24,https://ecuador.patiotuerca.com/vehicle/autos-ford-escape-quito-2015/1930564,"{""id"": ""1930564"", ""summary"": {""Año"": ""2015"", ""Ciudad"": ""Quito"", ""Recorrido"": ""190000 Kms"", ""Tipo de pago"": ""Negociable"", ""Precio Contado"": ""$13.900""}, ""ficha_tecnica"": {""Publicación"": ""#1930564"", ""Marca"": ""Ford"", ""Modelo"": ""Escape"", ""Subtipo"": ""Todoterreno"", ""Recorrido"": ""190000 Kms"", ""Motor(cilindraje)"": """", ""Tipo de Motor"": """"}, ""url"": ""https://ecuador.patiotuerca.com/vehicle/autos-ford-escape-quito-2015/1930564""}"
1930622,Nissan,xtrail  Advance,2015,15300.0,185000,Ambato,,2500,Gasolina,4 x 2,Electrónica,Cuero,Negociable,SUV,2025-11-30 21:57:17,https://ecuador.patiotuerca.com/vehicle/autos-nissan-xtrail__advance-ambato-2015/1930622,"{""id"": ""1930622"", ""summary"": {""Año"": ""2015"", ""Ciudad"": ""Ambato"", ""Recorrido"": ""185000 Kms"", ""Tipo de pago"": ""Negociable"", ""Precio Contado"": ""$15.300""}, ""ficha_tecnica"": {""Publicación"": ""#1930622"", ""Marca"": ""Nissan"", ""Modelo"": ""xtrail  Advance"", ""Subtipo"": ""SUV"", ""Recorrido"": ""185000 Kms"", ""Sistema de climatización"": ""Climatizador Bi-Zona"", ""Tracción"": ""4 x 2"", ""Color"": ""Azul"", ""Último número de la placa"": ""6"", ""Vidrios"": ""Eléctricos"", ""Transmisión"": ""CVT"", ""Dirección"": ""Electrónica"", ""Motor(cilindraje)"": ""2500"", ""Tapizado"": ""Cuero"", ""Combustible"": ""Gasolina"", ""Placa"": ""Tungurahua""}, ""url"": ""https://ecuador.patiotuerca.com/vehicle/autos-nissan-xtrail__advance-ambato-2015/1930622""}"
1930759,Chevrolet,Aveo Family,2015,9900.0,177827,Quito,Manual,1498,Gasolina,4 x 2,Hidráulica,Tela,Fijo,Sedán,2025-11-11 22:02:24,https://ecuador.patiotuerca.com/vehicle/autos-chevrolet-aveo_family-quito-2015/1930759,"{""id"": ""1930759"", ""summary"": {""Año"": ""2015"", ""Ciudad"": ""Quito"", ""Recorrido"": ""177827 Kms"", ""Tipo de pago"": ""Fijo"", ""Precio Contado"": ""$9.900""}, ""ficha_tecnica"": {""Publicación"": ""#1930759"", ""Marca"": ""Chevrolet"", ""Modelo"": ""Aveo Family"", ""Subtipo"": ""Sedán"", ""Recorrido"": ""177827 Kms"", ""Sistema de climatización"": ""Aire Acondicionado"", ""Tracción"": ""4 x 2"", ""Color"": ""Plata"", ""Último número de la placa"": ""6"", ""Vidrios"": ""Eléctricos"", ""Transmisión"": ""Manual"", ""Dirección"": ""Hidráulica"", ""Motor(cilindraje)"": ""1498"", ""Tipo de Motor"": ""1498"", ""Tapizado"": ""Tela"", ""Combustible"": ""Gasolina"", ""Placa"": ""Pichincha""}, ""url"": ""https://ecuador.patiotuerca.com/vehicle/autos-chevrolet-aveo_family-quito-2015/1930759""}"
1930871,Nissan,Sentra Exclusive,2015,13800.0,124682,Cuenca,Automática,1800,Gasolina,4 x 2,Asistida,Cuero,Negociable,Sedán,2025-11-30 21:57:17,https://ecuador.patiotuerca.com/vehicle/autos-nissan-sentra_exclusive-cuenca-2015/1930871,"{""id"": ""1930871"", ""summary"": {""Año"": ""2015"", ""Ciudad"": ""Cuenca"", ""Recorrido"": ""124682 Kms"", ""Tipo de pago"": ""Negociable"", ""Precio Contado"": ""$13.800""}, ""ficha_tecnica"": {""Publicación"": ""#1930871"", ""Marca"": ""Nissan"", ""Modelo"": ""Sentra Exclusive"", ""Subtipo"": ""Sedán"", ""Recorrido"": ""124682 Kms"", ""Sistema de climatización"": ""Aire Acondicionado"", ""Tracción"": ""4 x 2"", ""Color"": ""Plata"", ""Último número de la placa"": ""9"", ""Vidrios"": ""Eléctricos"", ""Transmisión"": ""Automática"", ""Dirección"": ""Asistida"", ""Motor(cilindraje)"": ""1800"", ""Tipo de Motor"": """", ""Tapizado"": ""Cuero"", ""Combustible"": ""Gasolina"", ""Placa"": ""Pichincha""}, ""url"": ""https://ecuador.patiotuerca.com/vehicle/autos-nissan-sentra_exclusive-cuenca-2015/1930871""}"
1930914,Kia,Sportage Active,2015,16800.0,120000,Loja,,,,,,,Negociable,Todoterreno,2025-11-11 22:02:24,https://ecuador.patiotuerca.com/vehicle/autos-kia-sportage_active-loja-2015/1930914,"{""id"": ""1930914"", ""summary"": {""Año"": ""2015"", ""Ciudad"": ""Loja"", ""Recorrido"": ""120000 Kms"", ""Tipo de pago"": ""Negociable"", ""Precio Contado"": ""$16.800""}, ""ficha_tecnica"": {""Publicación"": ""#1930914"", ""Marca"": ""Kia"", ""Modelo"": ""Sportage Active"", ""Subtipo"": ""Todoterreno"", ""Recorrido"": ""120000 Kms"", ""Motor(cilindraje)"": """"}, ""url"": ""https://ecuador.patiotuerca.com/vehicle/autos-kia-sportage_active-loja-2015/1930914""}"
1930938,Chevrolet,Grand Vitara 5p 4x2,2015,15300.0,150000,Loja,,,,,,,Negociable,Todoterreno Ligero,2025-11-11 22:02:24,https://ecuador.patiotuerca.com/vehicle/autos-chevrolet-grand_vitara_5p_4x2-loja-2015/1930938,"{""id"": ""1930938"", ""summary"": {""Año"": ""2015"", ""Ciudad"": ""Loja"", ""Recorrido"": ""150000 Kms"", ""Tipo de pago"": ""Negociable"", ""Precio Contado"": ""$15.300""}, ""ficha_tecnica"": {""Publicación"": ""#1930938"", ""Marca"": ""Chevrolet"", ""Modelo"": ""Grand Vitara 5p 4x2"", ""Subtipo"": ""Todoterreno Ligero"", ""Recorrido"": ""150000 Kms"", ""Motor(cilindraje)"": """"}, ""url"": ""https://ecuador.patiotuerca.com/vehicle/autos-chevrolet-grand_vitara_5p_4x2-loja-2015/1930938""}"
1931030,Nissan,X-Trail Sense,2015,16000.0,94000,Quito,,2500,Gasolina,4 x 2,Hidráulica,Tela,Negociable,SUV,2025-11-30 21:57:17,https://ecuador.patiotuerca.com/vehicle/autos-nissan-x-trail_sense-quito-2015/1931030,"{""id"": ""1931030"", ""summary"": {""Año"": ""2015"", ""Ciudad"": ""Quito"", ""Recorrido"": ""94000 Kms"", ""Tipo de pago"": ""Negociable"", ""Precio Contado"": ""$16.000""}, ""ficha_tecnica"": {""Publicación"": ""#1931030"", ""Marca"": ""Nissan"", ""Modelo"": ""X-Trail Sense"", ""Subtipo"": ""SUV"", ""Recorrido"": ""94000 Kms"", ""Sistema de climatización"": ""Aire Acondicionado"", ""Tracción"": ""4 x 2"", ""Color"": ""Plata"", ""Último número de la placa"": ""5"", ""Vidrios"": ""Eléctricos"", ""Transmisión"": ""CVT"", ""Dirección"": ""Hidráulica"", ""Motor(cilindraje)"": ""2500"", ""Tapizado"": ""Tela"", ""Combustible"": ""Gasolina"", ""Placa"": ""Pichincha""}, ""url"": ""https://ecuador.patiotuerca.com/vehicle/autos-nissan-x-trail_sense-quito-2015/1931030""}"
1931270,Nissan,Sentra Advance,2015,13900.0,73000,Quito,Automática,1800,Gasolina,,,,Negociable,Sedán,2025-11-30 21:57:17,https://ecuador.patiotuerca.com/vehicle/autos-nissan-sentra_advance-quito-2015/1931270,"{""id"": ""1931270"", ""summary"": {""Año"": ""2015"", ""Ciudad"": ""Quito"", ""Recorrido"": ""73000 Kms"", ""Tipo de pago"": ""Negociable"", ""Precio Contado"": ""$13.900""}, ""ficha_tecnica"": {""Publicación"": ""#1931270"", ""Marca"": ""Nissan"", ""Modelo"": ""Sentra Advance"", ""Subtipo"": ""Sedán"", ""Recorrido"": ""73000 Kms"", ""Sistema de climatización"": ""Aire Acondicionado"", ""Color"": ""Plata"", ""Último número de la placa"": ""2"", ""Vidrios"": ""Eléctricos"", ""Transmisión"": ""Automática"", ""Motor(cilindraje)"": ""1800"", ""Tipo de Motor"": """", ""Combustible"": ""Gasolina"", ""Placa"": ""Pichincha""}, ""url"": ""https://ecuador.patiotuerca.com/vehicle/autos-nissan-sentra_advance-quito-2015/1931270""}"
1931347,Hyundai,Sonata Fe,2015,12900.0,85000,Quito,Automática,2400,Híbrido,4 x 2,Hidráulica,Cuero,Negociable,Sedán,2025-11-11 22:02:24,https://ecuador.patiotuerca.com/vehicle/autos-hyundai-sonata_fe-quito-2015/1931347,"{""id"": ""1931347"", ""summary"": {""Año"": ""2015"", ""Ciudad"": ""Quito"", ""Recorrido"": ""85000 Kms"", ""Tipo de pago"": ""Negociable"", ""Precio Contado"": ""$12.900""}, ""ficha_tecnica"": {""Publicación"": ""#1931347"", ""Marca"": ""Hyundai"", ""Modelo"": ""Sonata Fe"", ""Subtipo"": ""Sedán"", ""Recorrido"": ""85000 Kms"", ""Sistema de climatización"": ""Aire Acondicionado"", ""Tracción"": ""4 x 2"", ""Color"": ""Celeste"", ""Último número de la placa"": ""2"", ""Vidrios"": ""Eléctricos"", ""Transmisión"": ""Automática"", ""Dirección"": ""Hidráulica"", ""Motor(cilindraje)"": ""2400"", ""Tipo de Motor"": ""16V DOHC"", ""Tapizado"": ""Cuero"", ""Combustible"": ""Híbrido"", ""Placa"": ""Pichincha""}, ""url"": ""https://ecuador.patiotuerca.com/vehicle/autos-hyundai-sonata_fe-quito-2015/1931347""}"
1931431,Ford,Escape,2015,13900.0,186000,Quito,,,,,,,Negociable,SUV,2025-11-11 22:02:24,https://ecuador.patiotuerca.com/vehicle/autos-ford-escape-quito-2015/1931431,"{""id"": ""1931431"", ""summary"": {""Año"": ""2015"", ""Ciudad"": ""Quito"", ""Recorrido"": ""186000 Kms"", ""Tipo de pago"": ""Negociable"", ""Precio Contado"": ""$13.900""}, ""ficha_tecnica"": {""Publicación"": ""#1931431"", ""Marca"": ""Ford"", ""Modelo"": ""Escape"", ""Subtipo"": ""SUV"", ""Recorrido"": ""186000 Kms"", ""Motor(cilindraje)"": """", ""Tipo de Motor"": """"}, ""url"": ""https://ecuador.patiotuerca.com/vehicle/autos-ford-escape-quito-2015/1931431""}"
1931460,Hyundai,Sonata,2015,12900.0,85000,Quito,Automática,2400,Gasolina,4 x 2,Electrónica,Cuero,Negociable,Sedán,2025-11-11 22:02:24,https://ecuador.patiotuerca.com/vehicle/autos-hyundai-sonata-quito-2015/1931460,"{""id"": ""1931460"", ""summary"": {""Año"": ""2015"", ""Ciudad"": ""Quito"", ""Recorrido"": ""85000 Kms"", ""Tipo de pago"": ""Negociable"", ""Precio Contado"": ""$12.900""}, ""ficha_tecnica"": {""Publicación"": ""#1931460"", ""Marca"": ""Hyundai"", ""Modelo"": ""Sonata"", ""Subtipo"": ""Sedán"", ""Recorrido"": ""85000 Kms"", ""Sistema de climatización"": ""Aire Acondicionado"", ""Tracción"": ""4 x 2"", ""Color"": ""Celeste"", ""Último número de la placa"": ""2"", ""Vidrios"": ""Eléctricos"", ""Transmisión"": ""Automática"", ""Dirección"": ""Electrónica"", ""Motor(cilindraje)"": ""2400"", ""Tipo de Motor"": """", ""Tapizado"": ""Cuero"", ""Combustible"": ""Gasolina"", ""Placa"": ""Pichincha""}, ""url"": ""https://ecuador.patiotuerca.com/vehicle/autos-hyundai-sonata-quito-2015/1931460""}"
1931532,Great Wall,M4 Luxury,2015,9900.0,110284,Quito,Manual,1500,Gasolina,4 x 2,Hidráulica,Tela,Fijo,Hatchback (5 Puertas),2025-11-11 22:02:24,https://ecuador.patiotuerca.com/vehicle/autos-great_wall-m4_luxury-quito-2015/1931532,"{""id"": ""1931532"", ""summary"": {""Año"": ""2015"", ""Ciudad"": ""Quito"", ""Recorrido"": ""110284 Kms"", ""Tipo de pago"": ""Fijo"", ""Precio Contado"": ""$9.900""}, ""ficha_tecnica"": {""Publicación"": ""#1931532"", ""Marca"": ""Great Wall"", ""Modelo"": ""M4 Luxury"", ""Subtipo"": ""Hatchback (5 Puertas)"", ""Recorrido"": ""110284 Kms"", ""Sistema de climatización"": ""Aire Acondicionado"", ""Tracción"": ""4 x 2"", ""Color"": ""Blanco"", ""Último número de la placa"": ""6"", ""Vidrios"": ""Eléctricos"", ""Transmisión"": ""Manual"", ""Dirección"": ""Hidráulica"", ""Motor(cilindraje)"": ""1500"", ""Tipo de Motor"": """", ""Tapizado"": ""Tela"", ""Combustible"": ""Gasolina"", ""Placa"": ""Pichincha""}, ""url"": ""https://ecuador.patiotuerca.com/vehicle/autos-great_wall-m4_luxury-quito-2015/1931532""}"
1931533,Great Wall,M4 Luxury,2015,9900.0,110284,Quito,Manual,1500,Gasolina,4 x 2,Hidráulica,Tela,Fijo,Hatchback (5 Puertas),2025-11-11 22:02:24,https://ecuador.patiotuerca.com/vehicle/autos-great_wall-m4_luxury-quito-2015/1931533,"{""id"": ""1931533"", ""summary"": {""Año"": ""2015"", ""Ciudad"": ""Quito"", ""Recorrido"": ""110284 Kms"", ""Tipo de pago"": ""Fijo"", ""Precio Contado"": ""$9.900""}, ""ficha_tecnica"": {""Publicación"": ""#1931533"", ""Marca"": ""Great Wall"", ""Modelo"": ""M4 Luxury"", ""Subtipo"": ""Hatchback (5 Puertas)"", ""Recorrido"": ""110284 Kms"", ""Sistema de climatización"": ""Aire Acondicionado"", ""Tracción"": ""4 x 2"", ""Color"": ""Blanco"", ""Último número de la placa"": ""6"", ""Vidrios"": ""Eléctricos"", ""Transmisión"": ""Manual"", ""Dirección"": ""Hidráulica"", ""Motor(cilindraje)"": ""1500"", ""Tipo de Motor"": """", ""Tapizado"": ""Tela"", ""Combustible"": ""Gasolina"", ""Placa"": ""Pichincha""}, ""url"": ""https://ecuador.patiotuerca.com/vehicle/autos-great_wall-m4_luxury-quito-2015/1931533""}"
1931951,Hyundai,Sonata Hybrid,2015,11900.0,158000,Quito,Automática,2400,Gasolina,4 x 2,Hidráulica,Cuero,Negociable,Sedán,2025-11-30 21:57:17,https://ecuador.patiotuerca.com/vehicle/autos-hyundai-sonata_hybrid-quito-2015/1931951,"{""id"": ""1931951"", ""summary"": {""Año"": ""2015"", ""Ciudad"": ""Quito"", ""Recorrido"": ""158000 Kms"", ""Tipo de pago"": ""Negociable"", ""Precio Contado"": ""$11.900""}, ""ficha_tecnica"": {""Publicación"": ""#1931951"", ""Marca"": ""Hyundai"", ""Modelo"": ""Sonata Hybrid"", ""Subtipo"": ""Sedán"", ""Recorrido"": ""158000 Kms"", ""Sistema de climatización"": ""Aire Acondicionado"", ""Tracción"": ""4 x 2"", ""Color"": ""Blanco"", ""Vidrios"": ""Eléctricos"", ""Transmisión"": ""Automática"", ""Dirección"": ""Hidráulica"", ""Motor(cilindraje)"": ""2400"", ""Tapizado"": ""Cuero"", ""Combustible"": ""Gasolina"", ""Placa"": ""Guayas""}, ""url"": ""https://ecuador.patiotuerca.com/vehicle/autos-hyundai-sonata_hybrid-quito-2015/1931951""}"
1932599,Suzuki,Grand Vitara SZ Next,2015,13990.0,234146,Otavalo,Manual,2000,Gasolina,4 x 2,Asistida,,Negociable,SUV,2025-11-30 21:57:17,https://ecuador.patiotuerca.com/vehicle/autos-suzuki-grand_vitara_sz_next-otavalo-2015/1932599,"{""id"": ""1932599"", ""summary"": {""Año"": ""2015"", ""Ciudad"": ""Otavalo"", ""Recorrido"": ""234146 Kms"", ""Tipo de pago"": ""Negociable"", ""Precio Contado"": ""$13.990""}, ""ficha_tecnica"": {""Publicación"": ""#1932599"", ""Marca"": ""Suzuki"", ""Modelo"": ""Grand Vitara SZ Next"", ""Subtipo"": ""SUV"", ""Recorrido"": ""234146 Kms"", ""Sistema de climatización"": ""Aire Acondicionado"", ""Tracción"": ""4 x 2"", ""Color"": ""Plata"", ""Último número de la placa"": ""4"", ""Vidrios"": ""Eléctricos"", ""Transmisión"": ""Manual"", ""Dirección"": ""Asistida"", ""Motor(cilindraje)"": ""2000"", ""Tipo de Motor"": """", ""Combustible"": ""Gasolina"", ""Placa"": ""Pichincha""}, ""url"": ""https://ecuador.patiotuerca.com/vehicle/autos-suzuki-grand_vitara_sz_next-otavalo-2015/1932599""}"
1932609,Chevrolet,Tracker LT,2015,12990.0,113692,Otavalo,Automática,1800,Gasolina,4 x 2,Asistida,,Negociable,SUV,2025-11-30 21:57:17,https://ecuador.patiotuerca.com/vehicle/autos-chevrolet-tracker_lt-otavalo-2015/1932609,"{""id"": ""1932609"", ""summary"": {""Año"": ""2015"", ""Ciudad"": ""Otavalo"", ""Recorrido"": ""113692 Kms"", ""Tipo de pago"": ""Negociable"", ""Precio Contado"": ""$12.990""}, ""ficha_tecnica"": {""Publicación"": ""#1932609"", ""Marca"": ""Chevrolet"", ""Modelo"": ""Tracker LT"", ""Subtipo"": ""SUV"", ""Recorrido"": ""113692 Kms"", ""Sistema de climatización"": ""Aire Acondicionado"", ""Tracción"": ""4 x 2"", ""Color"": ""Negro"", ""Último número de la placa"": ""4"", ""Vidrios"": ""Eléctricos"", ""Transmisión"": ""Automática"", ""Dirección"": ""Asistida"", ""Motor(cilindraje)"": ""1800"", ""Tipo de Motor"": """", ""Combustible"": ""Gasolina"", ""Placa"": ""Imbabura""}, ""url"": ""https://ecuador.patiotuerca.com/vehicle/autos-chevrolet-tracker_lt-otavalo-2015/1932609""}"
1932830,Mercedes Benz,C300,2015,33000.0,113000,Samborondón,Automática,2000,Gasolina,4 x 2,Hidráulica,Cuero,Negociable,Sedán,2025-11-30 21:57:17,https://ecuador.patiotuerca.com/vehicle/autos-mercedes_benz-c300-samborond%c3%b3n-2015/1932830,"{""id"": ""1932830"", ""summary"": {""Año"": ""2015"", ""Ciudad"": ""Samborondón"", ""Recorrido"": ""113000 Kms"", ""Tipo de pago"": ""Negociable"", ""Precio Contado"": ""$33.000""}, ""ficha_tecnica"": {""Publicación"": ""#1932830"", ""Marca"": ""Mercedes Benz"", ""Modelo"": ""C300"", ""Subtipo"": ""Sedán"", ""Recorrido"": ""113000 Kms"", ""Sistema de climatización"": ""Climatizador Bi-Zona"", ""Tracción"": ""4 x 2"", ""Color"": ""Plata"", ""Último número de la placa"": ""9"", ""Vidrios"": ""Eléctricos"", ""Transmisión"": ""Automática"", ""Dirección"": ""Hidráulica"", ""Motor(cilindraje)"": ""2000"", ""Tapizado"": ""Cuero"", ""Combustible"": ""Gasolina"", ""Placa"": ""Guayas""}, ""url"": ""https://ecuador.patiotuerca.com/vehicle/autos-mercedes_benz-c300-samborond%c3%b3n-2015/1932830""}"
1932892,Ford,Escape,2015,14550.0,159900,Guayaquil,Automática,2.5,Gasolina,,,,Negociable,SUV,2025-11-30 21:57:17,https://ecuador.patiotuerca.com/vehicle/autos-ford-escape-guayaquil-2015/1932892,"{""id"": ""1932892"", ""summary"": {""Año"": ""2015"", ""Ciudad"": ""Guayaquil"", ""Recorrido"": ""159900 Kms"", ""Tipo de pago"": ""Negociable"", ""Precio Contado"": ""$14.550""}, ""ficha_tecnica"": {""Publicación"": ""#1932892"", ""Marca"": ""Ford"", ""Modelo"": ""Escape"", ""Subtipo"": ""SUV"", ""Recorrido"": ""159900 Kms"", ""Sistema de climatización"": ""Aire Acondicionado"", ""Color"": ""Plomo"", ""Último número de la placa"": ""1"", ""Vidrios"": ""Eléctricos"", ""Transmisión"": ""Automática"", ""Motor(cilindraje)"": ""2.5"", ""Combustible"": ""Gasolina"", ""Placa"": ""Guayas""}, ""url"": ""https://ecuador.patiotuerca.com/vehicle/autos-ford-escape-guayaquil-2015/1932892""}"
1933097,Mercedes Benz,GLK 300,2015,38900.0,149000,Quito,Automática,500,Gasolina,4 x 4,Electrónica,Cuero,Negociable,Todoterreno,2025-11-30 21:57:17,https://ecuador.patiotuerca.com/vehicle/autos-mercedes_benz-glk_300-quito-2015/1933097,"{""id"": ""1933097"", ""summary"": {""Año"": ""2015"", ""Ciudad"": ""Quito"", ""Recorrido"": ""149000 Kms"", ""Tipo de pago"": ""Negociable"", ""Precio Contado"": ""$38.900""}, ""ficha_tecnica"": {""Publicación"": ""#1933097"", ""Marca"": ""Mercedes Benz"", ""Modelo"": ""GLK 300"", ""Subtipo"": ""Todoterreno"", ""Recorrido"": ""149000 Kms"", ""Sistema de climatización"": ""Climatizador Bi-Zona"", ""Tracción"": ""4 x 4"", ""Color"": ""Negro"", ""Último número de la placa"": ""0"", ""Vidrios"": ""Eléctricos"", ""Transmisión"": ""Automática"", ""Dirección"": ""Electrónica"", ""Motor(cilindraje)"": ""3.500"", ""Tipo de Motor"": ""V6 302 HP"", ""Tapizado"": ""Cuero"", ""Combustible"": ""Gasolina"", ""Placa"": ""Pichincha""}, ""url"": ""https://ecuador.patiotuerca.com/vehicle/autos-mercedes_benz-glk_300-quito-2015/1933097""}"
1933350,Chevrolet,Aveo Family,2015,9900.0,624816,Quito,Manual,1500,Gasolina,4 x 2,Hidráulica,Tela,Fijo,Sedán,2025-11-30 21:57:17,https://ecuador.patiotuerca.com/vehicle/autos-chevrolet-aveo_family-quito-2015/1933350,"{""id"": ""1933350"", ""summary"": {""Año"": ""2015"", ""Ciudad"": ""Quito"", ""Recorrido"": ""624816 Kms"", ""Tipo de pago"": ""Fijo"", ""Precio Contado"": ""$9.900""}, ""ficha_tecnica"": {""Publicación"": ""#1933350"", ""Marca"": ""Chevrolet"", ""Modelo"": ""Aveo Family"", ""Subtipo"": ""Sedán"", ""Recorrido"": ""624816 Kms"", ""Sistema de climatización"": ""Calefacción"", ""Tracción"": ""4 x 2"", ""Color"": ""Dorado"", ""Último número de la placa"": ""1"", ""Vidrios"": ""Manuales"", ""Transmisión"": ""Manual"", ""Dirección"": ""Hidráulica"", ""Motor(cilindraje)"": ""1500"", ""Tipo de Motor"": """", ""Tapizado"": ""Tela"", ""Combustible"": ""Gasolina"", ""Placa"": ""Pichincha""}, ""url"": ""https://ecuador.patiotuerca.com/vehicle/autos-chevrolet-aveo_family-quito-2015/1933350""}"
1933400,Suzuki,GRAN VITARA SZ NEXT,2015,15400.0,118000,Quito,Automática,2400,Gasolina,4 x 2,Hidráulica,Otro,Negociable,Todoterreno,2025-11-30 21:57:17,https://ecuador.patiotuerca.com/vehicle/autos-suzuki-gran_vitara_sz_next-quito-2015/1933400,"{""id"": ""1933400"", ""summary"": {""Año"": ""2015"", ""Ciudad"": ""Quito"", ""Recorrido"": ""118000 Kms"", ""Tipo de pago"": ""Negociable"", ""Precio Contado"": ""$15.400""}, ""ficha_tecnica"": {""Publicación"": ""#1933400"", ""Marca"": ""Suzuki"", ""Modelo"": ""GRAN VITARA SZ NEXT"", ""Subtipo"": ""Todoterreno"", ""Recorrido"": ""118000 Kms"", ""Sistema de climatización"": ""Aire Acondicionado"", ""Tracción"": ""4 x 2"", ""Color"": ""Plomo"", ""Último número de la placa"": ""8"", ""Vidrios"": ""Eléctricos"", ""Transmisión"": ""Automática"", ""Dirección"": ""Hidráulica"", ""Motor(cilindraje)"": ""2400"", ""Tipo de Motor"": """", ""Tapizado"": ""Otro"", ""Combustible"": ""Gasolina"", ""Placa"": ""Pichincha""}, ""url"": ""https://ecuador.patiotuerca.com/vehicle/autos-suzuki-gran_vitara_sz_next-quito-2015/1933400""}"
1933763,Chevrolet,Tracker LT,2015,11900.0,1,Portoviejo,Automática,1800,Gasolina,4 x 2,Hidráulica,Cuero,Negociable,SUV,2025-11-30 21:57:17,https://ecuador.patiotuerca.com/vehicle/autos-chevrolet-tracker_lt-portoviejo-2015/1933763,"{""id"": ""1933763"", ""summary"": {""Año"": ""2015"", ""Ciudad"": ""Portoviejo"", ""Recorrido"": ""1 Kms"", ""Tipo de pago"": ""Negociable"", ""Precio Contado"": ""$11.900""}, ""ficha_tecnica"": {""Publicación"": ""#1933763"", ""Marca"": ""Chevrolet"", ""Modelo"": ""Tracker LT"", ""Subtipo"": ""SUV"", ""Recorrido"": ""1 Kms"", ""Sistema de climatización"": ""Aire Acondicionado"", ""Tracción"": ""4 x 2"", ""Color"": ""Blanco"", ""Último número de la placa"": ""1"", ""Vidrios"": ""Eléctricos"", ""Transmisión"": ""Automática"", ""Dirección"": ""Hidráulica"", ""Motor(cilindraje)"": ""1800"", ""Tipo de Motor"": """", ""Tapizado"": ""Cuero"", ""Combustible"": ""Gasolina"", ""Placa"": ""Manabí""}, ""url"": ""https://ecuador.patiotuerca.com/vehicle/autos-chevrolet-tracker_lt-portoviejo-2015/1933763""}"
1933765,Chevrolet,Cruze,2015,13900.0,1,Portoviejo,Automática,1800,Gasolina,4 x 2,Hidráulica,Cuero,Negociable,Sedán,2025-11-30 21:57:17,https://ecuador.patiotuerca.com/vehicle/autos-chevrolet-cruze-portoviejo-2015/1933765,"{""id"": ""1933765"", ""summary"": {""Año"": ""2015"", ""Ciudad"": ""Portoviejo"", ""Recorrido"": ""1 Kms"", ""Tipo de pago"": ""Negociable"", ""Precio Contado"": ""$13.900""}, ""ficha_tecnica"": {""Publicación"": ""#1933765"", ""Marca"": ""Chevrolet"", ""Modelo"": ""Cruze"", ""Subtipo"": ""Sedán"", ""Recorrido"": ""1 Kms"", ""Sistema de climatización"": ""Aire Acondicionado"", ""Tracción"": ""4 x 2"", ""Color"": ""Blanco"", ""Último número de la placa"": ""9"", ""Vidrios"": ""Eléctricos"", ""Transmisión"": ""Automática"", ""Dirección"": ""Hidráulica"", ""Motor(cilindraje)"": ""1800"", ""Tipo de Motor"": """", ""Tapizado"": ""Cuero"", ""Combustible"": ""Gasolina"", ""Placa"": ""Pichincha""}, ""url"": ""https://ecuador.patiotuerca.com/vehicle/autos-chevrolet-cruze-portoviejo-2015/1933765""}"
1933784,Audi,Q3 TFSI,2015,16900.0,144000,Quito,,1400,Gasolina,4 x 2,Asistida,Cuero,Negociable,Todoterreno Ligero,2025-11-30 21:57:17,https://ecuador.patiotuerca.com/vehicle/autos-audi-q3_tfsi-quito-2015/1933784,"{""id"": ""1933784"", ""summary"": {""Año"": ""2015"", ""Ciudad"": ""Quito"", ""Recorrido"": ""144000 Kms"", ""Tipo de pago"": ""Negociable"", ""Precio Contado"": ""$16.900""}, ""ficha_tecnica"": {""Publicación"": ""#1933784"", ""Marca"": ""Audi"", ""Modelo"": ""Q3 TFSI"", ""Subtipo"": ""Todoterreno Ligero"", ""Recorrido"": ""144000 Kms"", ""Sistema de climatización"": ""Aire Acondicionado"", ""Tracción"": ""4 x 2"", ""Color"": ""Plomo"", ""Último número de la placa"": ""9"", ""Vidrios"": ""Eléctricos"", ""Transmisión"": ""Tiptronic"", ""Dirección"": ""Asistida"", ""Motor(cilindraje)"": ""1400"", ""Tapizado"": ""Cuero"", ""Combustible"": ""Gasolina"", ""Placa"": ""Pichincha""}, ""url"": ""https://ecuador.patiotuerca.com/vehicle/autos-audi-q3_tfsi-quito-2015/1933784""}"
1933898,Audi,A3,2015,20490.0,100000,Quito,Automática,1800,Gasolina,N/A,Hidráulica,Cuero,Negociable,Sedán,2025-11-30 21:57:17,https://ecuador.patiotuerca.com/vehicle/autos-audi-a3-quito-2015/1933898,"{""id"": ""1933898"", ""summary"": {""Año"": ""2015"", ""Ciudad"": ""Quito"", ""Recorrido"": ""100000 Kms"", ""Tipo de pago"": ""Negociable"", ""Precio Contado"": ""$20.490""}, ""ficha_tecnica"": {""Publicación"": ""#1933898"", ""Marca"": ""Audi"", ""Modelo"": ""A3"", ""Subtipo"": ""Sedán"", ""Recorrido"": ""100000 Kms"", ""Sistema de climatización"": ""Climatizador Bi-Zona"", ""Tracción"": ""N/A"", ""Color"": ""Rojo"", ""Último número de la placa"": ""5"", ""Vidrios"": ""Eléctricos"", ""Transmisión"": ""Automática"", ""Dirección"": ""Hidráulica"", ""Motor(cilindraje)"": ""1800"", ""Tapizado"": ""Cuero"", ""Combustible"": ""Gasolina"", ""Placa"": ""Pichincha""}, ""url"": ""https://ecuador.patiotuerca.com/vehicle/autos-audi-a3-quito-2015/1933898""}"
1933939,Chevrolet,Aveo Emotion,2015,12900.0,75000,Quito,Manual,1600,Gasolina,4 x 2,Asistida,Tela,Negociable,Sedán,2025-11-30 21:57:17,https://ecuador.patiotuerca.com/vehicle/autos-chevrolet-aveo_emotion-quito-2015/1933939,"{""id"": ""1933939"", ""summary"": {""Año"": ""2015"", ""Ciudad"": ""Quito"", ""Recorrido"": ""75000 Kms"", ""Tipo de pago"": ""Negociable"", ""Precio Contado"": ""$12.900""}, ""ficha_tecnica"": {""Publicación"": ""#1933939"", ""Marca"": ""Chevrolet"", ""Modelo"": ""Aveo Emotion"", ""Subtipo"": ""Sedán"", ""Recorrido"": ""75000 Kms"", ""Sistema de climatización"": ""Aire Acondicionado"", ""Tracción"": ""4 x 2"", ""Color"": ""Beige"", ""Último número de la placa"": ""2"", ""Vidrios"": ""Eléctricos"", ""Transmisión"": ""Manual"", ""Dirección"": ""Asistida"", ""Motor(cilindraje)"": ""1600"", ""Tapizado"": ""Tela"", ""Combustible"": ""Gasolina"", ""Placa"": ""Pichincha""}, ""url"": ""https://ecuador.patiotuerca.com/vehicle/autos-chevrolet-aveo_emotion-quito-2015/1933939""}"
1934227,Nissan,X-Trail Sense,2015,15900.0,159867,Quito,Automática,2500,Gasolina,4 x 2,Hidráulica,Tela,Negociable,SUV,2025-11-30 21:57:17,https://ecuador.patiotuerca.com/vehicle/autos-nissan-x-trail_sense-quito-2015/1934227,"{""id"": ""1934227"", ""summary"": {""Año"": ""2015"", ""Ciudad"": ""Quito"", ""Recorrido"": ""159867 Kms"", ""Tipo de pago"": ""Negociable"", ""Precio Contado"": ""$15.900""}, ""ficha_tecnica"": {""Publicación"": ""#1934227"", ""Marca"": ""Nissan"", ""Modelo"": ""X-Trail Sense"", ""Subtipo"": ""SUV"", ""Recorrido"": ""159867 Kms"", ""Sistema de climatización"": ""Aire Acondicionado"", ""Tracción"": ""4 x 2"", ""Color"": ""Naranja"", ""Último número de la placa"": ""3"", ""Vidrios"": ""Eléctricos"", ""Transmisión"": ""Automática"", ""Dirección"": ""Hidráulica"", ""Motor(cilindraje)"": ""2500"", ""Tipo de Motor"": ""16V DOHC"", ""Tapizado"": ""Tela"", ""Combustible"": ""Gasolina"", ""Placa"": ""Pichincha""}, ""url"": ""https://ecuador.patiotuerca.com/vehicle/autos-nissan-x-trail_sense-quito-2015/1934227""}"
1934354,Chevrolet,D-MAX CRDI 3.0 CD 4X4,2015,26800.0,238726,Cuenca,Manual,3000,Diesel,4 x 4,Hidráulica,Cuero,Negociable,Camioneta Doble Cabina,2025-11-30 21:57:17,https://ecuador.patiotuerca.com/vehicle/autos-chevrolet-d-max_crdi_3.0_cd_4x4-cuenca-2015/1934354,"{""id"": ""1934354"", ""summary"": {""Año"": ""2015"", ""Ciudad"": ""Cuenca"", ""Recorrido"": ""238726 Kms"", ""Tipo de pago"": ""Negociable"", ""Precio Contado"": ""$26.800""}, ""ficha_tecnica"": {""Publicación"": ""#1934354"", ""Marca"": ""Chevrolet"", ""Modelo"": ""D-MAX CRDI 3.0 CD 4X4"", ""Subtipo"": ""Camioneta Doble Cabina"", ""Recorrido"": ""238726 Kms"", ""Sistema de climatización"": ""Aire Acondicionado"", ""Tracción"": ""4 x 4"", ""Color"": ""Plata"", ""Vidrios"": ""Eléctricos"", ""Transmisión"": ""Manual"", ""Dirección"": ""Hidráulica"", ""Motor(cilindraje)"": ""3000"", ""Tapizado"": ""Cuero"", ""Combustible"": ""Diesel""}, ""url"": ""https://ecuador.patiotuerca.com/vehicle/autos-chevrolet-d-max_crdi_3.0_cd_4x4-cuenca-2015/1934354""}"
1934504,Suzuki,Grand Vitara SZ 2.4,2015,12900.0,164000,Quito,Automática,2400,,4 x 2,Hidráulica,Tela,Negociable,Todoterreno,2025-11-30 21:57:17,https://ecuador.patiotuerca.com/vehicle/autos-suzuki-grand_vitara_sz_2.4-quito-2015/1934504,"{""id"": ""1934504"", ""summary"": {""Año"": ""2015"", ""Ciudad"": ""Quito"", ""Recorrido"": ""164000 Kms"", ""Tipo de pago"": ""Negociable"", ""Precio Contado"": ""$12.900""}, ""ficha_tecnica"": {""Publicación"": ""#1934504"", ""Marca"": ""Suzuki"", ""Modelo"": ""Grand Vitara SZ 2.4"", ""Subtipo"": ""Todoterreno"", ""Recorrido"": ""164000 Kms"", ""Tracción"": ""4 x 2"", ""Color"": ""Vino"", ""Último número de la placa"": ""4"", ""Transmisión"": ""Automática"", ""Dirección"": ""Hidráulica"", ""Motor(cilindraje)"": ""2400"", ""Tipo de Motor"": ""4 CILINDROS"", ""Tapizado"": ""Tela"", ""Placa"": ""Pichincha""}, ""url"": ""https://ecuador.patiotuerca.com/vehicle/autos-suzuki-grand_vitara_sz_2.4-quito-2015/1934504""}"
1934623,Chevrolet,D-MAX CRDI 2.5 CD 4X2 TM DIESEL,2015,23800.0,140000,Cuenca,Manual,3000,Diesel,4 x 2,Mecánica,Tela,Fijo,Camioneta Doble Cabina,2025-11-30 21:57:17,https://ecuador.patiotuerca.com/vehicle/autos-chevrolet-d-max_crdi_2.5_cd_4x2_tm_diesel-cuenca-2015/1934623,"{""id"": ""1934623"", ""summary"": {""Año"": ""2015"", ""Ciudad"": ""Cuenca"", ""Recorrido"": ""140000 Kms"", ""Tipo de pago"": ""Fijo"", ""Precio Contado"": ""$23.800""}, ""ficha_tecnica"": {""Publicación"": ""#1934623"", ""Marca"": ""Chevrolet"", ""Modelo"": ""D-MAX CRDI 2.5 CD 4X2 TM DIESEL"", ""Subtipo"": ""Camioneta Doble Cabina"", ""Recorrido"": ""140000 Kms"", ""Sistema de climatización"": ""Aire Acondicionado"", ""Tracción"": ""4 x 2"", ""Color"": ""Negro"", ""Último número de la placa"": ""8"", ""Vidrios"": ""Eléctricos"", ""Transmisión"": ""Manual"", ""Dirección"": ""Mecánica"", ""Motor(cilindraje)"": ""3000"", ""Tipo de Motor"": """", ""Tapizado"": ""Tela"", ""Combustible"": ""Diesel"", ""Placa"": ""Pichincha""}, ""url"": ""https://ecuador.patiotuerca.com/vehicle/autos-chevrolet-d-max_crdi_2.5_cd_4x2_tm_diesel-cuenca-2015/1934623""}"
1934936,Toyota,NEW RAV4 AC 2.0 5P,2015,20900.0,154000,Quito,Manual,2000,Gasolina,4 x 2,Hidráulica,Tela,Negociable,Todoterreno,2025-11-30 21:57:17,https://ecuador.patiotuerca.com/vehicle/autos-toyota-new_rav4_ac_2.0_5p-quito-2015/1934936,"{""id"": ""1934936"", ""summary"": {""Año"": ""2015"", ""Ciudad"": ""Quito"", ""Recorrido"": ""154000 Kms"", ""Tipo de pago"": ""Negociable"", ""Precio Contado"": ""$20.900""}, ""ficha_tecnica"": {""Publicación"": ""#1934936"", ""Marca"": ""Toyota"", ""Modelo"": ""NEW RAV4 AC 2.0 5P"", ""Subtipo"": ""Todoterreno"", ""Recorrido"": ""154000 Kms"", ""Sistema de climatización"": ""Aire Acondicionado"", ""Tracción"": ""4 x 2"", ""Color"": ""Plata"", ""Último número de la placa"": ""2"", ""Vidrios"": ""Eléctricos"", ""Transmisión"": ""Manual"", ""Dirección"": ""Hidráulica"", ""Motor(cilindraje)"": ""2000"", ""Tapizado"": ""Tela"", ""Combustible"": ""Gasolina"", ""Placa"": ""Imbabura""}, ""url"": ""https://ecuador.patiotuerca.com/vehicle/autos-toyota-new_rav4_ac_2.0_5p-quito-2015/1934936""}"
1935020,Chevrolet,Captiva Sport,2015,10900.0,192000,Quito,Automática,2400,Gasolina,4 x 2,Hidráulica,Tela,Negociable,Todoterreno,2025-11-30 21:57:17,https://ecuador.patiotuerca.com/vehicle/autos-chevrolet-captiva_sport-quito-2015/1935020,"{""id"": ""1935020"", ""summary"": {""Año"": ""2015"", ""Ciudad"": ""Quito"", ""Recorrido"": ""192000 Kms"", ""Tipo de pago"": ""Negociable"", ""Precio Contado"": ""$10.900""}, ""ficha_tecnica"": {""Publicación"": ""#1935020"", ""Marca"": ""Chevrolet"", ""Modelo"": ""Captiva Sport"", ""Subtipo"": ""Todoterreno"", ""Recorrido"": ""192000 Kms"", ""Sistema de climatización"": ""Aire Acondicionado"", ""Tracción"": ""4 x 2"", ""Color"": ""Negro"", ""Último número de la placa"": ""4"", ""Vidrios"": ""Eléctricos"", ""Transmisión"": ""Automática"", ""Dirección"": ""Hidráulica"", ""Motor(cilindraje)"": ""2400"", ""Tipo de Motor"": """", ""Tapizado"": ""Tela"", ""Combustible"": ""Gasolina"", ""Placa"": ""Pichincha""}, ""url"": ""https://ecuador.patiotuerca.com/vehicle/autos-chevrolet-captiva_sport-quito-2015/1935020""}"
,Suzuki,Grand Vitara SZ 2.4,2015,12900.0,185000,Quito,Automática,2400,Gasolina,4 x 2,Hidráulica,Tela,Negociable,Todoterreno,2025-11-30 22:29:00,https://ecuador.patiotuerca.com/vehicle/autos-suzuki-grand_vitara_sz_2.4-quito-2015/1924250,"{""id_record"": ""1924250"", ""summary"": {""Año"": ""2015"", ""Ciudad"": ""Quito"", ""Recorrido"": ""185000 Kms"", ""Tipo de pago"": ""Negociable"", ""Precio Contado"": ""$12.900""}, ""ficha_tecnica"": {""Publicación"": ""#1924250"", ""Marca"": ""Suzuki"", ""Modelo"": ""Grand Vitara SZ 2.4"", ""Subtipo"": ""Todoterreno"", ""Recorrido"": ""185000 Kms"", ""Sistema de climatización"": ""Aire Acondicionado"", ""Tracción"": ""4 x 2"", ""Color"": ""Vino"", ""Último número de la placa"": ""9"", ""Vidrios"": ""Eléctricos"", ""Transmisión"": ""Automática"", ""Dirección"": ""Hidráulica"", ""Motor(cilindraje)"": ""2400"", ""Tipo de Motor"": ""4 cilindros"", ""Tapizado"": ""Tela"", ""Combustible"": ""Gasolina"", ""Placa"": ""Pichincha""}, ""url"": ""https://ecuador.patiotuerca.com/vehicle/autos-suzuki-grand_vitara_sz_2.4-quito-2015/1924250""}"
